_id,device_id,timestamp,vrms,irms,power,wh
6970148e2041e4e9da500d0b,Sonnet,2026-01-20T23:49:34.854Z,347.2225,1.19024,413.2783,3.856044
697014932041e4e9da500d0c,Sonnet,2026-01-20T23:49:39.183Z,477.9476,1.284624,613.9832,4.593336
6970149a2041e4e9da500d0d,Sonnet,2026-01-20T23:49:46.799Z,23.8954,0.102777,2.455891,4.598611
697014a52041e4e9da500d0e,Sonnet,2026-01-20T23:49:57.720Z,2.67E-08,0.008514,2.27E-10,4.598611
697014ac2041e4e9da500d0f,Sonnet,2026-01-20T23:50:04.904Z,200.1865,0.969884,194.1577,5.03703
697014b02041e4e9da500d10,Sonnet,2026-01-20T23:50:08.636Z,458.0109,1.264346,579.0843,6.003135
697014b52041e4e9da500d11,Sonnet,2026-01-20T23:50:13.474Z,426.4841,1.219156,519.9508,6.662317
697014bb2041e4e9da500d12,Sonnet,2026-01-20T23:50:19.550Z,356.6638,1.167486,416.4,7.14858
697014bf2041e4e9da500d13,Sonnet,2026-01-20T23:50:23.865Z,211.7028,1.034986,219.1094,7.505546
697014c52041e4e9da500d14,Sonnet,2026-01-20T23:50:29.635Z,198.0283,1.046136,207.1645,7.756675
697014f42041e4e9da500d15,Sonnet,2026-01-20T23:51:16.541Z,178.8371,1.037998,185.6326,8.080811
697015062041e4e9da500d16,Sonnet,2026-01-20T23:51:34.465Z,199.1265,1.04856,208.7961,10.40924
6970150d2041e4e9da500d17,Sonnet,2026-01-20T23:51:41.231Z,400.4056,1.233548,493.9195,11.48022
697015112041e4e9da500d18,Sonnet,2026-01-20T23:51:45.732Z,232.0561,1.104447,256.2938,11.96319
697015172041e4e9da500d19,Sonnet,2026-01-20T23:51:51.499Z,332.3617,1.180176,392.2454,12.46025
6970151e2041e4e9da500d1a,Sonnet,2026-01-20T23:51:58.093Z,283.0452,1.135542,321.4097,12.99451
697015302041e4e9da500d1b,Sonnet,2026-01-20T23:52:16.229Z,286.46,1.191241,341.2429,13.61661
697015362041e4e9da500d1c,Sonnet,2026-01-20T23:52:22.489Z,135.696,1.012278,137.3621,14.92085
6970153a2041e4e9da500d1d,Sonnet,2026-01-20T23:52:26.669Z,216.9885,1.099267,238.5284,15.34642
6970153f2041e4e9da500d1e,Sonnet,2026-01-20T23:52:31.769Z,144.7642,1.005922,145.6215,15.50588
697015432041e4e9da500d1f,Sonnet,2026-01-20T23:52:35.813Z,186.2615,1.008912,187.9215,15.76803
697015472041e4e9da500d20,Sonnet,2026-01-20T23:52:39.069Z,249.6507,1.082462,270.2375,16.06837
6970154c2041e4e9da500d21,Sonnet,2026-01-20T23:52:44.095Z,169.3339,1.014449,171.7805,16.25069
697015522041e4e9da500d22,Sonnet,2026-01-20T23:52:50.452Z,229.6413,1.040214,238.876,16.54272
697015572041e4e9da500d23,Sonnet,2026-01-20T23:52:55.216Z,219.4555,1.129858,247.9536,17.00026
6970155a2041e4e9da500d24,Sonnet,2026-01-20T23:52:58.516Z,182.2726,1.023062,186.4762,17.23341
6970155f2041e4e9da500d25,Sonnet,2026-01-20T23:53:03.021Z,217.7939,1.049263,228.5231,17.44168
697015642041e4e9da500d26,Sonnet,2026-01-20T23:53:08.706Z,193.2682,1.018735,196.8891,17.68785
697015692041e4e9da500d27,Sonnet,2026-01-20T23:53:13.808Z,209.3818,1.075704,225.2328,18.07981
6970156e2041e4e9da500d28,Sonnet,2026-01-20T23:53:18.542Z,254.0496,1.128128,286.6004,18.48607
697015722041e4e9da500d29,Sonnet,2026-01-20T23:53:22.637Z,160.0169,1.064894,170.4011,18.69637
697015772041e4e9da500d2a,Sonnet,2026-01-20T23:53:27.348Z,322.6952,1.183939,382.0515,19.15515
6970157c2041e4e9da500d2b,Sonnet,2026-01-20T23:53:32.451Z,175.8793,1.110687,195.3468,19.39738
697015812041e4e9da500d2c,Sonnet,2026-01-20T23:53:37.378Z,156.2859,1.014458,158.5455,19.63009
697015872041e4e9da500d2d,Sonnet,2026-01-20T23:53:43.101Z,249.2956,1.154262,287.7525,20.01248
6970158b2041e4e9da500d2e,Sonnet,2026-01-20T23:53:47.295Z,220.9914,1.069981,236.4566,20.40159
697015922041e4e9da500d2f,Sonnet,2026-01-20T23:53:54.030Z,146.5023,1.034505,151.5573,20.57356
697015952041e4e9da500d30,Sonnet,2026-01-20T23:53:57.770Z,475.1002,1.32642,630.1823,21.71594
6970159a2041e4e9da500d31,Sonnet,2026-01-20T23:54:02.309Z,141.1835,0.999216,141.0728,21.86658
6970159e2041e4e9da500d32,Sonnet,2026-01-20T23:54:06.628Z,360.2029,1.217662,438.6052,22.44956
697015a22041e4e9da500d33,Sonnet,2026-01-20T23:54:10.250Z,251.0041,1.123686,282.0498,22.75386
697015a52041e4e9da500d34,Sonnet,2026-01-20T23:54:13.499Z,184.9119,1.038279,191.9901,22.94707
697015a92041e4e9da500d35,Sonnet,2026-01-20T23:54:17.188Z,213.4588,1.062542,226.8088,23.15139
697015ad2041e4e9da500d36,Sonnet,2026-01-20T23:54:21.074Z,210.1518,1.071019,225.0767,23.39791
697015b02041e4e9da500d37,Sonnet,2026-01-20T23:54:24.985Z,335.7993,1.139732,382.7214,23.78085
697015b52041e4e9da500d38,Sonnet,2026-01-20T23:54:29.069Z,320.3812,1.157494,370.8393,24.2447
697015b82041e4e9da500d39,Sonnet,2026-01-20T23:54:32.524Z,361.0771,1.245017,449.5471,24.69188
697015bb2041e4e9da500d3a,Sonnet,2026-01-20T23:54:35.805Z,188.6348,1.093628,206.2963,24.88562
697015be2041e4e9da500d3b,Sonnet,2026-01-20T23:54:38.911Z,391.2079,1.261374,493.4594,25.33796
697015c22041e4e9da500d3c,Sonnet,2026-01-20T23:54:42.901Z,162.9836,1.010835,164.7495,25.5001
697015c62041e4e9da500d3d,Sonnet,2026-01-20T23:54:46.313Z,233.7686,1.069276,249.9632,25.73625
697015c92041e4e9da500d3e,Sonnet,2026-01-20T23:54:49.961Z,329.1416,1.17218,385.8133,26.12228
697015cd2041e4e9da500d3f,Sonnet,2026-01-20T23:54:53.948Z,262.0551,1.106981,290.09,26.406
697015d02041e4e9da500d40,Sonnet,2026-01-20T23:54:56.589Z,199.34,1.044147,208.1403,26.6397
697015dc2041e4e9da500d41,Sonnet,2026-01-20T23:55:08.715Z,520.9154,1.420768,740.0999,27.23219
697015e22041e4e9da500d42,Sonnet,2026-01-20T23:55:14.127Z,271.2893,1.091053,295.9911,28.36073
697015ea2041e4e9da500d43,Sonnet,2026-01-20T23:55:22.505Z,251.86,1.116878,281.297,28.81417
697015ef2041e4e9da500d44,Sonnet,2026-01-20T23:55:27.944Z,378.9015,1.217245,461.2161,29.73712
697015f22041e4e9da500d45,Sonnet,2026-01-20T23:55:30.956Z,191.8692,1.055911,202.5968,29.98485
697015f52041e4e9da500d46,Sonnet,2026-01-20T23:55:33.786Z,362.5341,1.186265,430.0613,30.33869
697015f92041e4e9da500d47,Sonnet,2026-01-20T23:55:37.037Z,211.4688,1.077068,227.7663,30.53115
697015fc2041e4e9da500d48,Sonnet,2026-01-20T23:55:40.861Z,363.7084,1.170111,425.5792,30.9286
697016802041e4e9da500d49,Chitrita-PC,2026-01-20T23:57:52.659Z,669.5936,1.692541,1133.315,0.341568
697016832041e4e9da500d4a,Chitrita-PC,2026-01-20T23:57:55.713Z,626.4425,1.625232,1018.115,2.59641
697016872041e4e9da500d4b,Chitrita-PC,2026-01-20T23:57:59.131Z,668.0882,1.671773,1116.892,3.480616
6970168b2041e4e9da500d4c,Chitrita-PC,2026-01-20T23:58:03.208Z,614.7647,1.602797,985.3429,4.485666
6970168f2041e4e9da500d4d,Chitrita-PC,2026-01-20T23:58:07.327Z,621.8433,1.62083,1007.902,5.634114
697016932041e4e9da500d4e,Chitrita-PC,2026-01-20T23:58:11.712Z,636.2082,1.622261,1032.096,6.872916
6970169b2041e4e9da500d4f,Chitrita-PC,2026-01-20T23:58:19.901Z,672.7358,1.693489,1139.271,8.160924
6970169f2041e4e9da500d50,Chitrita-PC,2026-01-20T23:58:23.435Z,639.3082,1.621889,1036.887,10.46368
697016a42041e4e9da500d51,Chitrita-PC,2026-01-20T23:58:28.136Z,628.0608,1.614668,1014.11,11.4837
697016a92041e4e9da500d52,Chitrita-PC,2026-01-20T23:58:33.705Z,626.2736,1.593985,998.2705,12.98721
697016af2041e4e9da500d53,Chitrita-PC,2026-01-20T23:58:39.202Z,672.9076,1.690446,1137.514,14.66504
697016b32041e4e9da500d54,Chitrita-PC,2026-01-20T23:58:43.807Z,667.2697,1.693942,1130.316,16.51813
697016bd2041e4e9da500d55,Chitrita-PC,2026-01-20T23:58:53.228Z,676.8113,1.702663,1152.382,17.90739
697016c22041e4e9da500d56,Chitrita-PC,2026-01-20T23:58:58.774Z,641.9995,1.631275,1047.278,20.63991
697016c92041e4e9da500d57,Chitrita-PC,2026-01-20T23:59:05.946Z,636.6443,1.618031,1030.11,22.07062
697016cd2041e4e9da500d58,Chitrita-PC,2026-01-20T23:59:09.649Z,644.1276,1.631658,1050.996,24.14313
697016d12041e4e9da500d59,Chitrita-PC,2026-01-20T23:59:13.553Z,678.4533,1.700513,1153.719,25.45324
697016d42041e4e9da500d5a,Chitrita-PC,2026-01-20T23:59:16.861Z,680.0161,1.699943,1155.989,26.5768
697016d82041e4e9da500d5b,Chitrita-PC,2026-01-20T23:59:20.193Z,678.1361,1.693498,1148.422,27.64196
697016df2041e4e9da500d5c,Chitrita-PC,2026-01-20T23:59:27.584Z,47.75147,0.172723,8.247773,27.65817
697016e42041e4e9da500d5d,Chitrita-PC,2026-01-20T23:59:32.096Z,43.93224,0.403045,17.70667,27.68285
697016e72041e4e9da500d5e,Chitrita-PC,2026-01-20T23:59:35.348Z,643.4611,1.714669,1103.322,28.62374
697016eb2041e4e9da500d5f,Chitrita-PC,2026-01-20T23:59:39.288Z,678.5784,1.709469,1160.009,29.70222
697016ee2041e4e9da500d60,Chitrita-PC,2026-01-20T23:59:42.319Z,673.9515,1.689282,1138.494,30.90334
697016f12041e4e9da500d61,Chitrita-PC,2026-01-20T23:59:45.832Z,625.5113,1.613545,1009.29,31.76964
697016f52041e4e9da500d62,Chitrita-PC,2026-01-20T23:59:49.756Z,672.5726,1.690252,1136.817,32.96457
697016f92041e4e9da500d63,Chitrita-PC,2026-01-20T23:59:53.646Z,637.5737,1.638005,1044.349,34.01181
697016fd2041e4e9da500d64,Chitrita-PC,2026-01-20T23:59:57.866Z,641.5795,1.631755,1046.901,35.14508
697017032041e4e9da500d65,Chitrita-PC,2026-01-21T00:00:03.409Z,679.3117,1.702942,1156.828,36.74054
697017082041e4e9da500d66,Chitrita-PC,2026-01-21T00:00:08.139Z,643.0684,1.644332,1057.418,38.21682
6970170e2041e4e9da500d67,Chitrita-PC,2026-01-21T00:00:14.249Z,621.0383,1.633657,1014.564,39.69188
697017132041e4e9da500d68,Chitrita-PC,2026-01-21T00:00:19.430Z,639.5162,1.645908,1052.585,41.30964
6970171a2041e4e9da500d69,Chitrita-PC,2026-01-21T00:00:26.605Z,684.2327,1.712959,1172.062,43.08141
697017242041e4e9da500d6a,Chitrita-PC,2026-01-21T00:00:36.458Z,630.5485,1.645498,1037.566,45.11763
697017332041e4e9da500d6b,Chitrita-PC,2026-01-21T00:00:51.973Z,684.3002,1.737824,1189.193,48.30137
697017382041e4e9da500d6c,Chitrita-PC,2026-01-21T00:00:56.262Z,678.0661,1.704523,1155.779,52.86156
6970173c2041e4e9da500d6d,Chitrita-PC,2026-01-21T00:01:00.349Z,675.0162,1.70446,1150.538,54.69987
697017402041e4e9da500d6e,Chitrita-PC,2026-01-21T00:01:04.479Z,706.3029,1.765186,1246.756,56.05952
697017462041e4e9da500d6f,Chitrita-PC,2026-01-21T00:01:10.256Z,684.877,1.734248,1187.746,57.47327
6970174b2041e4e9da500d70,Chitrita-PC,2026-01-21T00:01:15.777Z,644.4568,1.660089,1069.856,59.32353
6970174f2041e4e9da500d71,Chitrita-PC,2026-01-21T00:01:19.179Z,648.5201,1.666375,1080.678,60.83528
697017552041e4e9da500d72,Chitrita-PC,2026-01-21T00:01:25.700Z,685.6735,1.73003,1186.236,61.92464
6970175a2041e4e9da500d73,Chitrita-PC,2026-01-21T00:01:30.237Z,647.6404,1.669107,1080.981,63.94998
697017612041e4e9da500d74,Chitrita-PC,2026-01-21T00:01:37.661Z,685.3381,1.73328,1187.882,65.35696
697017682041e4e9da500d75,Chitrita-PC,2026-01-21T00:01:44.863Z,642.6149,1.671556,1074.167,67.63181
6970176d2041e4e9da500d76,Chitrita-PC,2026-01-21T00:01:49.781Z,686.3403,1.734918,1190.744,69.98121
697017752041e4e9da500d77,Chitrita-PC,2026-01-21T00:01:57.949Z,685.2744,1.738537,1191.375,72.2895
697017782041e4e9da500d78,Chitrita-PC,2026-01-21T00:02:00.796Z,679.7044,1.740669,1183.14,74.26009
6970177c2041e4e9da500d79,Chitrita-PC,2026-01-21T00:02:04.826Z,682.1367,1.739855,1186.819,75.19602
6970177f2041e4e9da500d7a,Chitrita-PC,2026-01-21T00:02:07.608Z,676.4471,1.732221,1171.756,76.48398
697017832041e4e9da500d7b,Chitrita-PC,2026-01-21T00:02:11.465Z,644.9924,1.673414,1079.339,77.38073
697017872041e4e9da500d7c,Chitrita-PC,2026-01-21T00:02:15.838Z,654.3088,1.710155,1118.969,78.75986
6970178e2041e4e9da500d7d,Chitrita-PC,2026-01-21T00:02:22.112Z,688.5339,1.763151,1213.989,80.32691
697017912041e4e9da500d7e,Chitrita-PC,2026-01-21T00:02:25.586Z,697.8409,1.762048,1229.629,82.13651
697017962041e4e9da500d7f,Chitrita-PC,2026-01-21T00:02:30.079Z,653.2682,1.703987,1113.161,83.35202
697017992041e4e9da500d80,Chitrita-PC,2026-01-21T00:02:33.994Z,686.1611,1.735251,1190.662,84.67134
6970179e2041e4e9da500d81,Chitrita-PC,2026-01-21T00:02:38.446Z,684.7563,1.746133,1195.676,85.98659
697017a42041e4e9da500d82,Chitrita-PC,2026-01-21T00:02:44.886Z,672.1231,1.74571,1173.332,87.51876
697017a82041e4e9da500d83,Chitrita-PC,2026-01-21T00:02:48.087Z,656.0967,1.678131,1101.016,89.40089
697017ab2041e4e9da500d84,Chitrita-PC,2026-01-21T00:02:51.277Z,685.4324,1.735314,1189.44,90.50079
697017ae2041e4e9da500d85,Chitrita-PC,2026-01-21T00:02:54.233Z,691.1053,1.741696,1203.695,91.51791
697017b32041e4e9da500d86,Chitrita-PC,2026-01-21T00:02:59.608Z,648.1129,1.664075,1078.508,92.84597
697017ba2041e4e9da500d87,Chitrita-PC,2026-01-21T00:03:06.186Z,675.3582,1.734312,1171.282,94.63934
697017bf2041e4e9da500d88,Chitrita-PC,2026-01-21T00:03:11.396Z,681.2466,1.730408,1178.834,96.46096
697017c32041e4e9da500d89,Chitrita-PC,2026-01-21T00:03:15.543Z,688.3167,1.734153,1193.646,98.02032
697018642041e4e9da500d8a,Soldering-Iron,2026-01-21T00:05:56.938Z,273.2039,0.61704,168.5777,0.142729
6970186b2041e4e9da500d8b,Soldering-Iron,2026-01-21T00:06:03.464Z,116.5732,0.356935,41.60904,0.220492
697018722041e4e9da500d8c,Soldering-Iron,2026-01-21T00:06:10.431Z,36.23536,0.255467,9.256955,0.2362
697018772041e4e9da500d8d,Soldering-Iron,2026-01-21T00:06:15.116Z,24.33567,0.263485,6.412085,0.248259
6970187c2041e4e9da500d8e,Soldering-Iron,2026-01-21T00:06:20.274Z,22.14258,0.259801,5.752669,0.255684
697018812041e4e9da500d8f,Soldering-Iron,2026-01-21T00:06:25.353Z,20.52409,0.256121,5.25665,0.263201
697018862041e4e9da500d90,Soldering-Iron,2026-01-21T00:06:30.265Z,20.66302,0.251429,5.195284,0.270749
6970188a2041e4e9da500d91,Soldering-Iron,2026-01-21T00:06:34.766Z,21.53785,0.265322,5.714465,0.278381
6970188f2041e4e9da500d92,Soldering-Iron,2026-01-21T00:06:39.879Z,21.77864,0.259336,5.64798,0.285516
697018952041e4e9da500d93,Soldering-Iron,2026-01-21T00:06:45.319Z,20.70447,0.266656,5.520979,0.293321
6970189b2041e4e9da500d94,Soldering-Iron,2026-01-21T00:06:51.182Z,19.87697,0.252246,5.013882,0.301078
697018a32041e4e9da500d95,Soldering-Iron,2026-01-21T00:06:59.448Z,19.25153,0.254299,4.895641,0.309851
697018aa2041e4e9da500d96,Soldering-Iron,2026-01-21T00:07:06.797Z,17.41726,0.236133,4.112795,0.319622
697018b12041e4e9da500d97,Soldering-Iron,2026-01-21T00:07:13.246Z,17.64235,0.255002,4.498839,0.328041
697018b92041e4e9da500d98,Soldering-Iron,2026-01-21T00:07:21.232Z,18.44271,0.246428,4.544809,0.335499
697018c02041e4e9da500d99,Soldering-Iron,2026-01-21T00:07:28.951Z,18.19448,0.248667,4.524364,0.34754
697018c82041e4e9da500d9a,Soldering-Iron,2026-01-21T00:07:36.194Z,19.0283,0.254898,4.850283,0.35642
697018cd2041e4e9da500d9b,Soldering-Iron,2026-01-21T00:07:41.701Z,21.46857,0.25628,5.501971,0.367626
697018d52041e4e9da500d9c,Soldering-Iron,2026-01-21T00:07:49.533Z,19.88396,0.252512,5.020945,0.374918
697018dd2041e4e9da500d9d,Soldering-Iron,2026-01-21T00:07:57.970Z,18.45109,0.244813,4.517073,0.385023
697018e72041e4e9da500d9e,Soldering-Iron,2026-01-21T00:08:07.673Z,16.30791,0.245352,4.00117,0.3948
697018ef2041e4e9da500d9f,Soldering-Iron,2026-01-21T00:08:15.737Z,17.78743,0.24778,4.407377,0.405836
697018f52041e4e9da500da0,Soldering-Iron,2026-01-21T00:08:21.613Z,17.42143,0.24836,4.326778,0.415464
697018fc2041e4e9da500da1,Soldering-Iron,2026-01-21T00:08:28.428Z,19.57168,0.257542,5.040529,0.42371
697019032041e4e9da500da2,Soldering-Iron,2026-01-21T00:08:35.674Z,19.86638,0.263088,5.226608,0.434874
6970190c2041e4e9da500da3,Soldering-Iron,2026-01-21T00:08:44.110Z,17.83224,0.255728,4.560206,0.443346
697019112041e4e9da500da4,Soldering-Iron,2026-01-21T00:08:49.499Z,16.85482,0.22504,3.793011,0.452522
697019162041e4e9da500da5,Soldering-Iron,2026-01-21T00:08:54.973Z,21.26065,0.266927,5.675044,0.461019
6970191b2041e4e9da500da6,Soldering-Iron,2026-01-21T00:08:59.888Z,18.59279,0.241517,4.49048,0.467061
697019202041e4e9da500da7,Soldering-Iron,2026-01-21T00:09:04.806Z,22.10678,0.263546,5.826155,0.475038
697019252041e4e9da500da8,Soldering-Iron,2026-01-21T00:09:09.697Z,22.26368,0.261866,5.83011,0.483341
6970192a2041e4e9da500da9,Soldering-Iron,2026-01-21T00:09:14.432Z,19.36946,0.241163,4.671201,0.489442
6970192f2041e4e9da500daa,Soldering-Iron,2026-01-21T00:09:19.336Z,19.84376,0.247987,4.920996,0.495874
697019342041e4e9da500dab,Soldering-Iron,2026-01-21T00:09:24.980Z,19.53382,0.250436,4.891973,0.502872
697019392041e4e9da500dac,Soldering-Iron,2026-01-21T00:09:29.997Z,22.34158,0.259052,5.787629,0.511592
6970193f2041e4e9da500dad,Soldering-Iron,2026-01-21T00:09:35.306Z,22.07133,0.274507,6.058733,0.520084
697019442041e4e9da500dae,Soldering-Iron,2026-01-21T00:09:40.238Z,20.40397,0.249349,5.087715,0.527806
697019492041e4e9da500daf,Soldering-Iron,2026-01-21T00:09:45.986Z,19.77802,0.264484,5.230978,0.534992
6970194e2041e4e9da500db0,Soldering-Iron,2026-01-21T00:09:50.681Z,19.62346,0.234434,4.600414,0.542126
697019532041e4e9da500db1,Soldering-Iron,2026-01-21T00:09:55.820Z,21.80876,0.266082,5.80291,0.549589
697019592041e4e9da500db2,Soldering-Iron,2026-01-21T00:10:01.526Z,17.37706,0.235691,4.095613,0.555419
6970195f2041e4e9da500db3,Soldering-Iron,2026-01-21T00:10:07.052Z,21.8092,0.237274,5.174766,0.564027
697019632041e4e9da500db4,Soldering-Iron,2026-01-21T00:10:11.999Z,22.26052,0.273209,6.081771,0.573611
697019682041e4e9da500db5,Soldering-Iron,2026-01-21T00:10:16.901Z,19.49949,0.260019,5.070229,0.579957
6970196d2041e4e9da500db6,Soldering-Iron,2026-01-21T00:10:21.765Z,17.74088,0.237727,4.217489,0.58596
697019732041e4e9da500db7,Soldering-Iron,2026-01-21T00:10:27.192Z,20.50085,0.258309,5.295557,0.592771
697019782041e4e9da500db8,Soldering-Iron,2026-01-21T00:10:32.018Z,21.43451,0.270661,5.801495,0.601644
6970197d2041e4e9da500db9,Soldering-Iron,2026-01-21T00:10:37.141Z,20.15308,0.262811,5.296446,0.608741
697019812041e4e9da500dba,Soldering-Iron,2026-01-21T00:10:41.850Z,17.09948,0.2368,4.049148,0.614569
697019862041e4e9da500dbb,Soldering-Iron,2026-01-21T00:10:46.788Z,22.42644,0.234946,5.269008,0.621685
6970198b2041e4e9da500dbc,Soldering-Iron,2026-01-21T00:10:51.733Z,21.06002,0.259331,5.461518,0.628947
697019912041e4e9da500dbd,Soldering-Iron,2026-01-21T00:10:57.034Z,18.37356,0.240542,4.419617,0.634914
697019952041e4e9da500dbe,Soldering-Iron,2026-01-21T00:11:01.640Z,21.36444,0.253479,5.415444,0.642928
6970199a2041e4e9da500dbf,Soldering-Iron,2026-01-21T00:11:06.879Z,20.97081,0.250042,5.243584,0.649808
697019a02041e4e9da500dc0,Soldering-Iron,2026-01-21T00:11:12.391Z,21.7547,0.259512,5.645601,0.658817
697019a52041e4e9da500dc1,Soldering-Iron,2026-01-21T00:11:17.343Z,22.35618,0.260076,5.814306,0.666673
697019aa2041e4e9da500dc2,Soldering-Iron,2026-01-21T00:11:22.390Z,21.09207,0.244696,5.161136,0.673754
697019af2041e4e9da500dc3,Soldering-Iron,2026-01-21T00:11:27.424Z,19.24592,0.236052,4.543044,0.680496
697019b62041e4e9da500dc4,Soldering-Iron,2026-01-21T00:11:34.391Z,18.27193,0.2795,5.107005,0.687398
697019bb2041e4e9da500dc5,Soldering-Iron,2026-01-21T00:11:39.911Z,19.87006,0.250796,4.983335,0.69676
697019c22041e4e9da500dc6,Soldering-Iron,2026-01-21T00:11:46.275Z,20.6029,0.238603,4.915923,0.704898
697019c82041e4e9da500dc7,Soldering-Iron,2026-01-21T00:11:52.785Z,21.36895,0.255339,5.456333,0.714276
697019d02041e4e9da500dc8,Soldering-Iron,2026-01-21T00:12:00.090Z,36.47782,0.053732,1.960039,0.718748
697019d82041e4e9da500dc9,Soldering-Iron,2026-01-21T00:12:08.519Z,8.65E-09,0.013552,1.17E-10,0.718748
69701a6e2041e4e9da500dca,Bulb-60w,2026-01-21T00:14:38.553Z,186.1339,0.726152,135.1615,0.118191
69701a762041e4e9da500dcb,Bulb-60w,2026-01-21T00:14:46.310Z,116.486,0.700989,81.65536,0.321332
69701a7e2041e4e9da500dcc,Bulb-60w,2026-01-21T00:14:54.383Z,107.384,0.700793,75.25397,0.459653
69701a882041e4e9da500dcd,Bulb-60w,2026-01-21T00:15:04.291Z,111.3941,0.702756,78.2828,0.633506
69701a912041e4e9da500dce,Bulb-60w,2026-01-21T00:15:13.074Z,108.2019,0.688969,74.54774,0.849549
69701a9c2041e4e9da500dcf,Bulb-60w,2026-01-21T00:15:24.945Z,106.7187,0.697705,74.45818,1.028456
69701aa42041e4e9da500dd0,Bulb-60w,2026-01-21T00:15:32.074Z,107.2193,0.696277,74.65432,1.287029
69701aaa2041e4e9da500dd1,Bulb-60w,2026-01-21T00:15:38.467Z,107.3115,0.698275,74.93291,1.428049
69701abf2041e4e9da500dd2,Bulb-60w,2026-01-21T00:15:59.752Z,111.0668,0.698622,77.59373,1.554289
69701ac62041e4e9da500dd3,Bulb-60w,2026-01-21T00:16:06.379Z,104.3633,0.689155,71.92247,1.98039
69701acf2041e4e9da500dd4,Bulb-60w,2026-01-21T00:16:15.909Z,105.8485,0.69753,73.8325,2.148052
69701ad72041e4e9da500dd5,Bulb-60w,2026-01-21T00:16:23.157Z,110.0664,0.692652,76.23766,2.319925
69701ae02041e4e9da500dd6,Bulb-60w,2026-01-21T00:16:32.180Z,108.9743,0.701557,76.45172,2.465948
69701ae82041e4e9da500dd7,Bulb-60w,2026-01-21T00:16:40.910Z,109.728,0.694535,76.21001,2.669915
69701af02041e4e9da500dd8,Bulb-60w,2026-01-21T00:16:48.072Z,111.2145,0.69689,77.50424,2.857196
69701af62041e4e9da500dd9,Bulb-60w,2026-01-21T00:16:54.713Z,111.9612,0.700765,78.45849,3.011062
69701afe2041e4e9da500dda,Bulb-60w,2026-01-21T00:17:02.956Z,108.2251,0.698497,75.59495,3.161034
69701b062041e4e9da500ddb,Bulb-60w,2026-01-21T00:17:10.090Z,105.9686,0.691829,73.31211,3.316231
69701b0b2041e4e9da500ddc,Bulb-60w,2026-01-21T00:17:15.589Z,110.2262,0.700931,77.26103,3.472942
69701b162041e4e9da500ddd,Bulb-60w,2026-01-21T00:17:26.899Z,107.614,0.695507,74.84624,3.579411
69701b1d2041e4e9da500dde,Bulb-60w,2026-01-21T00:17:33.731Z,106.6616,0.694251,74.04987,3.814437
69701b232041e4e9da500ddf,Bulb-60w,2026-01-21T00:17:39.973Z,99.49098,0.669748,66.63393,3.937247
69701b2e2041e4e9da500de0,Bulb-60w,2026-01-21T00:17:50.054Z,107.2021,0.686832,73.62982,4.068656
69701b342041e4e9da500de1,Bulb-60w,2026-01-21T00:17:56.441Z,107.7261,0.697903,75.18231,4.279918
69701b392041e4e9da500de2,Bulb-60w,2026-01-21T00:18:01.151Z,108.5598,0.698421,75.82047,4.411467
69701b3e2041e4e9da500de3,Bulb-60w,2026-01-21T00:18:06.358Z,114.2147,0.701665,80.1405,4.513512
69701b432041e4e9da500de4,Bulb-60w,2026-01-21T00:18:11.509Z,110.8257,0.699599,77.53354,4.632914
69701b482041e4e9da500de5,Bulb-60w,2026-01-21T00:18:16.839Z,109.7337,0.699138,76.71898,4.737827
69701b4d2041e4e9da500de6,Bulb-60w,2026-01-21T00:18:21.883Z,111.3716,0.701288,78.10358,4.852032
69701b532041e4e9da500de7,Bulb-60w,2026-01-21T00:18:27.509Z,110.8366,0.701304,77.73017,4.971714
69701b582041e4e9da500de8,Bulb-60w,2026-01-21T00:18:32.591Z,111.8583,0.703452,78.68695,5.089373
69701b5e2041e4e9da500de9,Bulb-60w,2026-01-21T00:18:38.058Z,114.9575,0.712774,81.93874,5.203291
69701b632041e4e9da500dea,Bulb-60w,2026-01-21T00:18:43.548Z,112.5483,0.70249,79.06406,5.318483
69701b682041e4e9da500deb,Bulb-60w,2026-01-21T00:18:48.488Z,113.2462,0.706954,80.05985,5.442242
69701b6e2041e4e9da500dec,Bulb-60w,2026-01-21T00:18:54.100Z,111.2379,0.691859,76.96103,5.550095
69701b732041e4e9da500ded,Bulb-60w,2026-01-21T00:18:59.029Z,114.0797,0.711697,81.19012,5.674699
69701b782041e4e9da500dee,Bulb-60w,2026-01-21T00:19:04.282Z,113.3844,0.699707,79.33585,5.783676
69701b7d2041e4e9da500def,Bulb-60w,2026-01-21T00:19:09.955Z,111.7737,0.702304,78.49912,5.897151
69701b832041e4e9da500df0,Bulb-60w,2026-01-21T00:19:15.239Z,111.4474,0.702992,78.3466,6.024333
69701b882041e4e9da500df1,Bulb-60w,2026-01-21T00:19:20.326Z,114.086,0.700067,79.86786,6.138455
69701b8d2041e4e9da500df2,Bulb-60w,2026-01-21T00:19:25.540Z,115.731,0.709048,82.05888,6.254774
69701b922041e4e9da500df3,Bulb-60w,2026-01-21T00:19:30.871Z,115.6218,0.705058,81.52007,6.378911
69701b982041e4e9da500df4,Bulb-60w,2026-01-21T00:19:36.402Z,115.6314,0.706903,81.74012,6.493392
69701b9e2041e4e9da500df5,Bulb-60w,2026-01-21T00:19:42.782Z,111.4867,0.705792,78.6865,6.619771
69701ba42041e4e9da500df6,Bulb-60w,2026-01-21T00:19:48.652Z,115.8858,0.713977,82.73978,6.760015
69701ba92041e4e9da500df7,Bulb-60w,2026-01-21T00:19:53.763Z,113.0459,0.702989,79.46998,6.887675
69701bae2041e4e9da500df8,Bulb-60w,2026-01-21T00:19:58.636Z,114.3955,0.702182,80.32654,7.003301
69701bb42041e4e9da500df9,Bulb-60w,2026-01-21T00:20:04.179Z,114.0833,0.707658,80.73198,7.126686
69701bb92041e4e9da500dfa,Bulb-60w,2026-01-21T00:20:09.140Z,114.528,0.703317,80.54945,7.237285
69701bbe2041e4e9da500dfb,Bulb-60w,2026-01-21T00:20:14.403Z,113.7546,0.701094,79.75271,7.34679
69701bc32041e4e9da500dfc,Bulb-60w,2026-01-21T00:20:19.750Z,113.4501,0.698228,79.21402,7.468801
69701bc92041e4e9da500dfd,Bulb-60w,2026-01-21T00:20:25.253Z,116.1185,0.705226,81.88982,7.581741
69701bcf2041e4e9da500dfe,Bulb-60w,2026-01-21T00:20:31.540Z,115.2972,0.707987,81.62893,7.711101
69701bd42041e4e9da500dff,Bulb-60w,2026-01-21T00:20:36.821Z,115.1106,0.700168,80.59673,7.850488
69701bda2041e4e9da500e00,Bulb-60w,2026-01-21T00:20:42.521Z,114.0126,0.697179,79.48724,7.968968
69701be02041e4e9da500e01,Bulb-60w,2026-01-21T00:20:48.287Z,115.2831,0.708828,81.71586,8.099396
69701be72041e4e9da500e02,Bulb-60w,2026-01-21T00:20:55.040Z,113.2219,0.690288,78.15569,8.23975
69701bec2041e4e9da500e03,Bulb-60w,2026-01-21T00:21:00.578Z,114.4376,0.698098,79.88865,8.376116
69701bf12041e4e9da500e04,Bulb-60w,2026-01-21T00:21:05.973Z,113.0856,0.705536,79.786,8.496792
69701bf72041e4e9da500e05,Bulb-60w,2026-01-21T00:21:11.047Z,113.8369,0.699489,79.62766,8.614552
69701bfb2041e4e9da500e06,Bulb-60w,2026-01-21T00:21:15.549Z,115.1926,0.699363,80.56145,8.726108
69701c002041e4e9da500e07,Bulb-60w,2026-01-21T00:21:20.367Z,114.7627,0.696576,79.94093,8.827899
69701c052041e4e9da500e08,Bulb-60w,2026-01-21T00:21:25.499Z,114.5278,0.701938,80.39141,8.936539
69701c0b2041e4e9da500e09,Bulb-60w,2026-01-21T00:21:31.029Z,114.7505,0.705666,80.97552,9.051816
69701c102041e4e9da500e0a,Bulb-60w,2026-01-21T00:21:36.018Z,113.1394,0.687213,77.75084,9.166822
69701c152041e4e9da500e0b,Bulb-60w,2026-01-21T00:21:41.917Z,115.1462,0.705819,81.27235,9.282071
69701c1b2041e4e9da500e0c,Bulb-60w,2026-01-21T00:21:47.566Z,114.7877,0.701994,80.58031,9.413372
69701c212041e4e9da500e0d,Bulb-60w,2026-01-21T00:21:53.219Z,114.3573,0.705219,80.64689,9.546103
69701c262041e4e9da500e0e,Bulb-60w,2026-01-21T00:21:58.898Z,113.7639,0.695837,79.16106,9.667132
69701c2c2041e4e9da500e0f,Bulb-60w,2026-01-21T00:22:04.391Z,113.2372,0.698123,79.0535,9.796781
69701c322041e4e9da500e10,Bulb-60w,2026-01-21T00:22:10.849Z,114.1719,0.700509,79.97852,9.923524
69701d782041e4e9da500e11,Bulb-60w,2026-01-21T00:27:36.125Z,54.86712,0.13422,7.364292,0.010232
69701d9f2041e4e9da500e12,Bulb-100w,2026-01-21T00:28:15.614Z,253.1394,1.366196,345.8379,0.304626
69701da52041e4e9da500e13,Bulb-100w,2026-01-21T00:28:21.349Z,240.9827,1.347134,324.6359,0.844964
69701dab2041e4e9da500e14,Bulb-100w,2026-01-21T00:28:27.309Z,240.9621,1.348568,324.9539,1.37491
69701db12041e4e9da500e15,Bulb-100w,2026-01-21T00:28:33.943Z,238.7839,1.325689,316.5532,1.94919
69701db72041e4e9da500e16,Bulb-100w,2026-01-21T00:28:39.611Z,240.4478,1.341876,322.6511,2.484432
69701dbd2041e4e9da500e17,Bulb-100w,2026-01-21T00:28:45.428Z,236.5978,1.330847,314.8755,2.984035
69701dc62041e4e9da500e18,Bulb-100w,2026-01-21T00:28:54.248Z,239.2083,1.343547,321.3878,3.543875
69701dcb2041e4e9da500e19,Bulb-100w,2026-01-21T00:28:59.916Z,240.7984,1.344103,323.6579,4.288827
69701dd12041e4e9da500e1a,Bulb-100w,2026-01-21T00:29:05.050Z,234.612,1.334134,313.0039,4.767897
69701dd72041e4e9da500e1b,Bulb-100w,2026-01-21T00:29:11.369Z,240.0288,1.342025,322.1248,5.24661
69701ddc2041e4e9da500e1c,Bulb-100w,2026-01-21T00:29:16.138Z,238.1618,1.336394,318.2779,5.78839
69701de12041e4e9da500e1d,Bulb-100w,2026-01-21T00:29:21.973Z,236.977,1.336413,316.699,6.22561
69701de72041e4e9da500e1e,Bulb-100w,2026-01-21T00:29:27.698Z,238.8888,1.339514,319.9949,6.731291
69701dee2041e4e9da500e1f,Bulb-100w,2026-01-21T00:29:34.408Z,233.3197,1.340738,312.8206,7.225548
69701df42041e4e9da500e20,Bulb-100w,2026-01-21T00:29:40.250Z,240.0805,1.355841,325.511,7.877022
69701dfa2041e4e9da500e21,Bulb-100w,2026-01-21T00:29:46.336Z,237.2814,1.343178,318.7111,8.348803
69701e002041e4e9da500e22,Bulb-100w,2026-01-21T00:29:52.264Z,241.1689,1.35088,325.7902,8.923099
69701e052041e4e9da500e23,Bulb-100w,2026-01-21T00:29:57.807Z,239.6203,1.341434,321.4348,9.430876
69701e0b2041e4e9da500e24,Bulb-100w,2026-01-21T00:30:03.456Z,242.8131,1.345514,326.7084,9.948618
69701e102041e4e9da500e25,Bulb-100w,2026-01-21T00:30:08.889Z,237.301,1.332827,316.2812,10.43402
69701e162041e4e9da500e26,Bulb-100w,2026-01-21T00:30:14.058Z,240.3417,1.340796,322.2491,10.92688
69701e1b2041e4e9da500e27,Bulb-100w,2026-01-21T00:30:19.361Z,236.6606,1.322263,312.9276,11.36985
69701e202041e4e9da500e28,Bulb-100w,2026-01-21T00:30:24.082Z,239.2514,1.33257,318.8193,11.84223
69701e252041e4e9da500e29,Bulb-100w,2026-01-21T00:30:29.408Z,244.9443,1.348553,330.3204,12.28312
69701e2a2041e4e9da500e2a,Bulb-100w,2026-01-21T00:30:34.320Z,242.9213,1.340561,325.6507,12.75721
69701e2f2041e4e9da500e2b,Bulb-100w,2026-01-21T00:30:39.663Z,241.3038,1.337055,322.6364,13.19474
69701e352041e4e9da500e2c,Bulb-100w,2026-01-21T00:30:45.685Z,244.5266,1.348324,329.7012,13.68362
69701e3a2041e4e9da500e2d,Bulb-100w,2026-01-21T00:30:50.628Z,239.6556,1.34226,321.6801,14.21582
69701e3f2041e4e9da500e2e,Bulb-100w,2026-01-21T00:30:55.217Z,244.4588,1.356858,331.6958,14.66923
69701e442041e4e9da500e2f,Bulb-100w,2026-01-21T00:31:00.183Z,244.0279,1.345563,328.3549,15.0981
69701e492041e4e9da500e30,Bulb-100w,2026-01-21T00:31:05.256Z,246.3596,1.348394,332.1898,15.55403
69701e4d2041e4e9da500e31,Bulb-100w,2026-01-21T00:31:09.963Z,246.062,1.346805,331.3976,16.01992
69701e532041e4e9da500e32,Bulb-100w,2026-01-21T00:31:15.106Z,245.2516,1.361399,333.8853,16.45796
69701e572041e4e9da500e33,Bulb-100w,2026-01-21T00:31:19.997Z,242.7582,1.335114,324.1099,16.9208
69701e5c2041e4e9da500e34,Bulb-100w,2026-01-21T00:31:24.689Z,244.6899,1.339415,327.7415,17.3689
69701e612041e4e9da500e35,Bulb-100w,2026-01-21T00:31:29.845Z,241.827,1.336988,323.3198,17.79119
69701e662041e4e9da500e36,Bulb-100w,2026-01-21T00:31:34.534Z,244.5349,1.345047,328.9109,18.26446
69701e6b2041e4e9da500e37,Bulb-100w,2026-01-21T00:31:39.450Z,242.7633,1.344664,326.4351,18.68547
69701e702041e4e9da500e38,Bulb-100w,2026-01-21T00:31:44.234Z,246.4046,1.345261,331.4785,19.13674
69701e752041e4e9da500e39,Bulb-100w,2026-01-21T00:31:49.690Z,245.0133,1.34379,329.2465,19.57052
69701e7a2041e4e9da500e3a,Bulb-100w,2026-01-21T00:31:54.603Z,244.2546,1.349727,329.677,20.07612
69701e7f2041e4e9da500e3b,Bulb-100w,2026-01-21T00:31:59.550Z,243.4805,1.350951,328.9303,20.52958
69701e842041e4e9da500e3c,Bulb-100w,2026-01-21T00:32:04.436Z,245.3286,1.341247,329.0462,20.99966
69701e892041e4e9da500e3d,Bulb-100w,2026-01-21T00:32:09.571Z,243.2963,1.33198,324.0657,21.4196
69701e8e2041e4e9da500e3e,Bulb-100w,2026-01-21T00:32:14.564Z,245.4879,1.348139,330.9518,21.88872
69701e932041e4e9da500e3f,Bulb-100w,2026-01-21T00:32:19.479Z,242.3821,1.338207,324.3574,22.34129
69701e992041e4e9da500e40,Bulb-100w,2026-01-21T00:32:25.220Z,245.521,1.339393,328.8491,22.79108
69701e9d2041e4e9da500e41,Bulb-100w,2026-01-21T00:32:29.945Z,245.4189,1.343628,329.7517,23.3153
69701ea32041e4e9da500e42,Bulb-100w,2026-01-21T00:32:35.496Z,246.7396,1.344488,331.7386,23.7507
69701ea82041e4e9da500e43,Bulb-100w,2026-01-21T00:32:40.547Z,246.2095,1.343483,330.7783,24.25817
69701eae2041e4e9da500e44,Bulb-100w,2026-01-21T00:32:46.004Z,245.6987,1.340125,329.2669,24.72692
69701eb32041e4e9da500e45,Bulb-100w,2026-01-21T00:32:51.336Z,243.8413,1.335236,325.5857,25.21756
69701eb82041e4e9da500e46,Bulb-100w,2026-01-21T00:32:56.153Z,242.029,1.337537,323.7227,25.68741
69701ebd2041e4e9da500e47,Bulb-100w,2026-01-21T00:33:01.493Z,245.2255,1.349747,330.9923,26.13857
69701ec22041e4e9da500e48,Bulb-100w,2026-01-21T00:33:06.592Z,244.8109,1.334586,326.7211,26.63655
69701ec72041e4e9da500e49,Bulb-100w,2026-01-21T00:33:11.994Z,245.699,1.343722,330.1511,27.09023
69701ecc2041e4e9da500e4a,Bulb-100w,2026-01-21T00:33:16.838Z,243.6249,1.336595,325.6278,27.57207
69701ed12041e4e9da500e4b,Bulb-100w,2026-01-21T00:33:21.863Z,242.6282,1.337866,324.6039,28.01271
69701ed72041e4e9da500e4c,Bulb-100w,2026-01-21T00:33:27.069Z,246.7681,1.344862,331.869,28.46516
69701edc2041e4e9da500e4d,Bulb-100w,2026-01-21T00:33:32.405Z,243.4498,1.341156,326.5041,28.9502
69701ee12041e4e9da500e4e,Bulb-100w,2026-01-21T00:33:37.421Z,242.8734,1.335057,324.2498,29.43198
69701ee62041e4e9da500e4f,Bulb-100w,2026-01-21T00:33:42.649Z,246.9402,1.340525,331.0295,29.9129
69701eeb2041e4e9da500e50,Bulb-100w,2026-01-21T00:33:47.348Z,242.2051,1.32819,321.6943,30.35889
69701ef02041e4e9da500e51,Bulb-100w,2026-01-21T00:33:52.491Z,239.4471,1.319354,315.9155,30.77327
69701ef52041e4e9da500e52,Bulb-100w,2026-01-21T00:33:57.602Z,245.0335,1.340425,328.4489,31.24222
69701efa2041e4e9da500e53,Bulb-100w,2026-01-21T00:34:02.806Z,241.289,1.327764,320.3748,31.69519
69701f002041e4e9da500e54,Bulb-100w,2026-01-21T00:34:08.499Z,245.5362,1.342444,329.6185,32.17231
69701f062041e4e9da500e55,Bulb-100w,2026-01-21T00:34:14.071Z,240.6235,1.310527,315.3435,32.69456
